"Address","Content Type","Status Code","Status","Indexability","Indexability Status","Title 1","Title 1 Length","Title 1 Pixel Width","Meta Description 1","Meta Description 1 Length","Meta Description 1 Pixel Width","Meta Keywords 1","Meta Keywords 1 Length","H1-1","H1-1 Length","H2-1","H2-1 Length","H2-2","H2-2 Length","Meta Robots 1","Meta Robots 2","X-Robots-Tag 1","Meta Refresh 1","Canonical Link Element 1","rel=""next"" 1","rel=""prev"" 1","HTTP rel=""next"" 1","HTTP rel=""prev"" 1","amphtml Link Element","Size (bytes)","Transferred (bytes)","Total Transferred (bytes)","CO2 (mg)","Carbon Rating","Word Count","Sentence Count","Average Words Per Sentence","Flesch Reading Ease Score","Readability","Text Ratio","Crawl Depth","Folder Depth","Link Score","Inlinks","Unique Inlinks","Unique JS Inlinks","% of Total","Outlinks","Unique Outlinks","Unique JS Outlinks","External Outlinks","Unique External Outlinks","Unique External JS Outlinks","Closest Near Duplicate Match","No. Near Duplicates","Spelling Errors","Grammar Errors","Hash","Response Time","Last Modified","Redirect URL","Redirect Type","Cookies","Language","HTTP Version","Mobile Alternate Link","Closest Semantically Similar Address","Semantic Similarity Score","No. Semantically Similar","Semantic Relevance Score","URL Encoded Address","Crawl Timestamp"
"https://anhart.ca/","text/html; charset=utf-8","200","OK","Indexable","","Anhart | Canada Housing Developer | Free Consultation","53","489","Anhart builds affordable, sustainable housing. Expert development + free consultation. Contact us to start your project.","120","736","","0","The Power of Small","18","(Free Pre-Development Consultation - Across Canada)","51","Launched By Impact Investors, Community-Led, Non-Profit Housing","63","","","","","https://anhart.ca/","","","","","","144419","17899","17899","6.857","","1027","229","4.485","47.664","Hard","5.988","0","0","","34","14","0","100.000","19","8","0","13","5","0","","","","","acc8ed4f26a5e09c4fcc28a24717e796","0.148","","","","","en-CA","1.1","","","","","","https://anhart.ca/","2025-12-02 11:34:51"
"https://anhart.ca/_next/static/chunks/241eb70638ac625c.js","application/javascript; charset=utf-8","200","OK","Indexable","","","0","0","","0","0","","0","","0","","0","","0","","","","","","","","","","","621","621","621","0.238","","0","","","","","0.000","1","3","","0","0","0","0.000","0","0","0","0","0","0","","","","","","0.090","Tue, 02 Dec 2025 19:10:51 GMT","","","","","1.1","","","","","","https://anhart.ca/_next/static/chunks/241eb70638ac625c.js","2025-12-02 11:34:53"
"https://anhart.ca/_next/static/chunks/9d900bbc3ba1fbf2.js","application/javascript; charset=utf-8","200","OK","Indexable","","","0","0","","0","0","","0","","0","","0","","0","","","","","","","","","","","0","0","0","0.000","","0","","","","","0.000","1","3","","0","0","0","0.000","0","0","0","0","0","0","","","","","","0.250","Tue, 02 Dec 2025 00:15:11 GMT","","","","","1.1","","","","","","https://anhart.ca/_next/static/chunks/9d900bbc3ba1fbf2.js","2025-12-02 11:34:53"
"https://anhart.ca/_next/static/media/merritt.f07a1667.png","image/png","200","OK","Indexable","","","0","0","","0","0","","0","","0","","0","","0","","","","","","","","","","","1303805","1303805","1303805","499.463","","0","","","","","0.000","1","3","","0","0","0","0.000","0","0","0","0","0","0","","","","","","0.363","Tue, 02 Dec 2025 19:34:52 GMT","","","","","1.1","","","","","","https://anhart.ca/_next/static/media/merritt.f07a1667.png","2025-12-02 11:34:53"
"https://anhart.ca/partner","text/html; charset=utf-8","200","OK","Non-Indexable","Canonicalised","Partner With Us | Anhart","24","216","Partner with Anhart to create affordable housing solutions across Canada. Explore collaboration opportunities.","110","687","","0","Collaborate on Affordable Housing","33","Partner with Us","15","Partner Benefits","16","","","","","https://anhart.ca/","","","","","","66147","11410","11410","4.371","","328","58","5.655","12.035","Very Hard","6.222","1","0","","28","14","0","100.000","16","8","0","13","5","0","","","","","b14a5eeccc4049b6994043efb3be55fc","0.532","","","","","en-CA","1.1","","","","","","https://anhart.ca/partner","2025-12-02 11:34:53"
"https://anhart.ca/portfolio","text/html; charset=utf-8","200","OK","Non-Indexable","Canonicalised","Portfolio | Anhart","18","152","Portfolio page - Access and manage your content","47","305","","0","Our Development Projects","24","Featured Development Projects","29","","0","","","","","https://anhart.ca/","","","","","","70396","11485","11485","4.400","","250","60","4.167","48.634","Hard","4.694","1","0","","44","14","0","100.000","22","14","0","13","5","0","","","","","d51c6619f0c52815f8e49c86d24b83a4","0.602","","","","","en-CA","1.1","","","","","","https://anhart.ca/portfolio","2025-12-02 11:34:53"
"https://anhart.ca/_next/static/chunks/2dfb2f5d674c6c62.js","application/javascript; charset=utf-8","200","OK","Indexable","","","0","0","","0","0","","0","","0","","0","","0","","","","","","","","","","","281","281","281","0.108","","0","","","","","0.000","1","3","","0","0","0","0.000","0","0","0","0","0","0","","","","","","0.082","Tue, 02 Dec 2025 00:15:11 GMT","","","","","1.1","","","","","","https://anhart.ca/_next/static/chunks/2dfb2f5d674c6c62.js","2025-12-02 11:34:54"
"https://anhart.ca/_next/static/chunks/89c0d0a8bffd3015.js","application/javascript; charset=utf-8","200","OK","Indexable","","","0","0","","0","0","","0","","0","","0","","0","","","","","","","","","","","0","0","0","0.000","","0","","","","","0.000","1","3","","0","0","0","0.000","0","0","0","0","0","0","","","","","","0.079","Tue, 02 Dec 2025 14:36:03 GMT","","","","","1.1","","","","","","https://anhart.ca/_next/static/chunks/89c0d0a8bffd3015.js","2025-12-02 11:34:54"
"https://anhart.ca/_next/static/media/beaverConsturction-320x180.c49eb070.webp","image/webp","200","OK","Indexable","","","0","0","","0","0","","0","","0","","0","","0","","","","","","","","","","","11206","11206","11206","4.293","","0","","","","","0.000","1","3","","0","0","0","0.000","0","0","0","0","0","0","","","","","","0.305","Tue, 02 Dec 2025 19:34:53 GMT","","","","","1.1","","","","","","https://anhart.ca/_next/static/media/beaverConsturction-320x180.c49eb070.webp","2025-12-02 11:34:54"
"https://anhart.ca/_next/static/chunks/e3cdbb8a084e89c9.js","application/javascript; charset=utf-8","200","OK","Indexable","","","0","0","","0","0","","0","","0","","0","","0","","","","","","","","","","","0","0","0","0.000","","0","","","","","0.000","1","3","","0","0","0","0.000","0","0","0","0","0","0","","","","","","0.247","Tue, 02 Dec 2025 14:36:02 GMT","","","","","1.1","","","","","","https://anhart.ca/_next/static/chunks/e3cdbb8a084e89c9.js","2025-12-02 11:34:54"
"https://anhart.ca/_next/static/media/DodsonsRooms_1.8d3d9c36.png","image/png","200","OK","Indexable","","","0","0","","0","0","","0","","0","","0","","0","","","","","","","","","","","533894","533894","533894","204.525","","0","","","","","0.000","1","3","","0","0","0","0.000","0","0","0","0","0","0","","","","","","0.395","Tue, 02 Dec 2025 19:34:53 GMT","","","","","1.1","","","","","","https://anhart.ca/_next/static/media/DodsonsRooms_1.8d3d9c36.png","2025-12-02 11:34:54"
"https://anhart.ca/_next/static/media/systemsNetwork-320x180.f37d698b.webp","image/webp","200","OK","Indexable","","","0","0","","0","0","","0","","0","","0","","0","","","","","","","","","","","13720","13720","13720","5.256","","0","","","","","0.000","1","3","","0","0","0","0.000","0","0","0","0","0","0","","","","","","0.285","Tue, 02 Dec 2025 19:34:53 GMT","","","","","1.1","","","","","","https://anhart.ca/_next/static/media/systemsNetwork-320x180.f37d698b.webp","2025-12-02 11:34:54"
"https://anhart.ca/_next/static/chunks/3da0920375273b0a.js","application/javascript; charset=utf-8","200","OK","Indexable","","","0","0","","0","0","","0","","0","","0","","0","","","","","","","","","","","0","0","0","0.000","","0","","","","","0.000","1","3","","0","0","0","0.000","0","0","0","0","0","0","","","","","","0.236","Tue, 02 Dec 2025 14:36:02 GMT","","","","","1.1","","","","","","https://anhart.ca/_next/static/chunks/3da0920375273b0a.js","2025-12-02 11:34:54"
"https://anhart.ca/_next/static/chunks/0356fd37c83de0ae.js","application/javascript; charset=utf-8","200","OK","Indexable","","","0","0","","0","0","","0","","0","","0","","0","","","","","","","","","","","0","0","0","0.000","","0","","","","","0.000","1","3","","0","0","0","0.000","0","0","0","0","0","0","","","","","","0.226","Tue, 02 Dec 2025 00:15:11 GMT","","","","","1.1","","","","","","https://anhart.ca/_next/static/chunks/0356fd37c83de0ae.js","2025-12-02 11:34:54"
"https://anhart.ca/_next/static/media/Trusted-Partners-320x180.d58a8dc6.webp","image/webp","200","OK","Indexable","","","0","0","","0","0","","0","","0","","0","","0","","","","","","","","","","","12312","12312","12312","4.716","","0","","","","","0.000","1","3","","0","0","0","0.000","0","0","0","0","0","0","","","","","","0.331","Tue, 02 Dec 2025 19:34:53 GMT","","","","","1.1","","","","","","https://anhart.ca/_next/static/media/Trusted-Partners-320x180.d58a8dc6.webp","2025-12-02 11:34:54"
"https://anhart.ca/_next/static/media/communityChampions-320x180.9c883306.webp","image/webp","200","OK","Indexable","","","0","0","","0","0","","0","","0","","0","","0","","","","","","","","","","","27046","27046","27046","10.361","","0","","","","","0.000","1","3","","0","0","0","0.000","0","0","0","0","0","0","","","","","","0.309","Tue, 02 Dec 2025 19:34:53 GMT","","","","","1.1","","","","","","https://anhart.ca/_next/static/media/communityChampions-320x180.9c883306.webp","2025-12-02 11:34:54"
"https://anhart.ca/_next/static/media/anhart-logo-white.f813ccf5.png","image/png","200","OK","Indexable","","","0","0","","0","0","","0","","0","","0","","0","","","","","","","","","","","34944","34944","34944","13.386","","0","","","","","0.000","1","3","","0","0","0","0.000","0","0","0","0","0","0","","","","","","0.290","Tue, 02 Dec 2025 19:34:54 GMT","","","","","1.1","","","","","","https://anhart.ca/_next/static/media/anhart-logo-white.f813ccf5.png","2025-12-02 11:34:54"
"https://anhart.ca/contact","text/html; charset=utf-8","200","OK","Non-Indexable","Canonicalised","Contact Us | Anhart","19","173","Get in touch with Anhart. Contact us for inquiries about affordable housing solutions, partnerships, or investment opportunities.","129","789","","0","Connect With Us Today","21","Connect With Us Today","21","","0","","","","","https://anhart.ca/","","","","","","60138","10366","10366","3.971","","117","41","2.854","83.185","Easy","3.737","1","0","","35","14","0","100.000","16","8","0","13","5","0","","","","","8df7dce3e188cceb9b69c0a158ce481e","0.269","","","","","en-CA","1.1","","","","","","https://anhart.ca/contact","2025-12-02 11:34:54"
"https://anhart.ca/_next/static/chunks/1ca95f4e39100dd6.js","application/javascript; charset=utf-8","200","OK","Indexable","","","0","0","","0","0","","0","","0","","0","","0","","","","","","","","","","","0","0","0","0.000","","0","","","","","0.000","1","3","","0","0","0","0.000","0","0","0","0","0","0","","","","","","0.080","Tue, 02 Dec 2025 14:36:02 GMT","","","","","1.1","","","","","","https://anhart.ca/_next/static/chunks/1ca95f4e39100dd6.js","2025-12-02 11:34:55"
"https://anhart.ca/media","text/html; charset=utf-8","200","OK","Non-Indexable","Canonicalised","News & Media | Anhart","21","202","Stay updated with the latest news, media coverage, and press releases about Anhart's affordable housing projects and community impact across Canada.","148","951","","0","Latest News and Media Coverage","30","Featured Promotional Video","26","Document Library","16","","","","","https://anhart.ca/","","","","","","96246","13191","13191","5.053","","533","125","4.264","55.846","Fairly Hard","5.321","1","0","","28","14","0","100.000","16","8","0","15","7","0","","","","","790fa12347430257bc6c1806796d5891","0.271","","","","","en-CA","1.1","","","","","","https://anhart.ca/media","2025-12-02 11:34:55"
"https://anhart.ca/_next/static/media/anhart-logo.a45a2cf2.png","image/png","200","OK","Indexable","","","0","0","","0","0","","0","","0","","0","","0","","","","","","","","","","","1347499","1347499","1347499","516.201","","0","","","","","0.000","1","3","","0","0","0","0.000","0","0","0","0","0","0","","","","","","0.350","Tue, 02 Dec 2025 19:34:54 GMT","","","","","1.1","","","","","","https://anhart.ca/_next/static/media/anhart-logo.a45a2cf2.png","2025-12-02 11:34:55"
"https://anhart.ca/limited-partnership","text/html; charset=utf-8","200","OK","Non-Indexable","Canonicalised","Limited Partnership | Anhart","28","252","Limited Partnership page - Access and manage your content","57","373","","0","Impact Investing","16","Limited Partnership Investment","30","","0","","","","","https://anhart.ca/","","","","","","106975","16338","16338","6.259","","1352","270","5.007","37.809","Hard","10.470","1","0","","28","14","0","100.000","16","8","0","13","5","0","","","","","27ecba3750e09c38146bd72b48295670","0.286","","","","","en-CA","1.1","","","","","","https://anhart.ca/limited-partnership","2025-12-02 11:34:55"
"https://anhart.ca/_next/static/media/expert-consultation-320x180.097521c0.webp","image/webp","200","OK","Indexable","","","0","0","","0","0","","0","","0","","0","","0","","","","","","","","","","","14134","14134","14134","5.414","","0","","","","","0.000","1","3","","0","0","0","0.000","0","0","0","0","0","0","","","","","","0.169","Tue, 02 Dec 2025 19:34:54 GMT","","","","","1.1","","","","","","https://anhart.ca/_next/static/media/expert-consultation-320x180.097521c0.webp","2025-12-02 11:34:55"
"https://anhart.ca/_next/static/chunks/417b62aa518266cc.js","application/javascript; charset=utf-8","200","OK","Indexable","","","0","0","","0","0","","0","","0","","0","","0","","","","","","","","","","","0","0","0","0.000","","0","","","","","0.000","1","3","","0","0","0","0.000","0","0","0","0","0","0","","","","","","0.258","Tue, 02 Dec 2025 00:15:11 GMT","","","","","1.1","","","","","","https://anhart.ca/_next/static/chunks/417b62aa518266cc.js","2025-12-02 11:34:55"
"https://anhart.ca/blog","text/html; charset=utf-8","200","OK","Non-Indexable","Canonicalised","Blog | Anhart","13","114","Insights, news, and updates about affordable housing in Canada from Anhart.","75","483","","0","Anhart Blog","11","Stay Updated","12","","0","","","","","https://anhart.ca/","","","","","","48987","9368","9368","3.589","","34","8","4.250","63.180","Normal","3.585","1","0","","28","14","0","100.000","18","8","0","13","5","0","","","","","d68dda621d3694565392ab6e6b25a31b","0.114","","","","","en-CA","1.1","","","","","","https://anhart.ca/blog","2025-12-02 11:34:55"
"https://anhart.ca/_next/static/chunks/c5a0a29ddcce4c1c.js","application/javascript; charset=utf-8","200","OK","Indexable","","","0","0","","0","0","","0","","0","","0","","0","","","","","","","","","","","0","0","0","0.000","","0","","","","","0.000","1","3","","0","0","0","0.000","0","0","0","0","0","0","","","","","","0.103","Tue, 02 Dec 2025 14:36:03 GMT","","","","","1.1","","","","","","https://anhart.ca/_next/static/chunks/c5a0a29ddcce4c1c.js","2025-12-02 11:34:55"
"https://anhart.ca/images/anhart-logo-text.png","image/png","200","OK","Indexable","","","0","0","","0","0","","0","","0","","0","","0","","","","","","","","","","","25045","25045","25045","9.594","","0","","","","","0.000","1","1","","0","0","0","0.000","0","0","0","0","0","0","","","","","","0.275","Tue, 02 Dec 2025 14:36:02 GMT","","","","","1.1","","","","","","https://anhart.ca/images/anhart-logo-text.png","2025-12-02 11:34:55"
"https://anhart.ca/_next/static/chunks/2e0411049ca5203d.css","text/css; charset=utf-8","200","OK","Indexable","","","0","0","","0","0","","0","","0","","0","","0","","","","","","","","","","","0","0","0","0.000","","0","","","","","0.000","1","3","","0","0","0","0.000","0","0","0","0","0","0","","","","","","0.256","Tue, 02 Dec 2025 14:36:02 GMT","","","","","1.1","","","","","","https://anhart.ca/_next/static/chunks/2e0411049ca5203d.css","2025-12-02 11:34:55"
"https://anhart.ca/_next/static/chunks/b50f6daeb734993d.js","application/javascript; charset=utf-8","200","OK","Indexable","","","0","0","","0","0","","0","","0","","0","","0","","","","","","","","","","","0","0","0","0.000","","0","","","","","0.000","1","3","","0","0","0","0.000","0","0","0","0","0","0","","","","","","0.233","Tue, 02 Dec 2025 14:36:02 GMT","","","","","1.1","","","","","","https://anhart.ca/_next/static/chunks/b50f6daeb734993d.js","2025-12-02 11:34:55"
"https://anhart.ca/_next/static/chunks/2008cdb28778b2b4.js","application/javascript; charset=utf-8","200","OK","Indexable","","","0","0","","0","0","","0","","0","","0","","0","","","","","","","","","","","0","0","0","0.000","","0","","","","","0.000","1","3","","0","0","0","0.000","0","0","0","0","0","0","","","","","","0.232","Tue, 02 Dec 2025 14:36:03 GMT","","","","","1.1","","","","","","https://anhart.ca/_next/static/chunks/2008cdb28778b2b4.js","2025-12-02 11:34:55"
"https://anhart.ca/_next/static/chunks/e311f20fb6a4d71f.js","application/javascript; charset=utf-8","200","OK","Indexable","","","0","0","","0","0","","0","","0","","0","","0","","","","","","","","","","","0","0","0","0.000","","0","","","","","0.000","1","3","","0","0","0","0.000","0","0","0","0","0","0","","","","","","0.234","Tue, 02 Dec 2025 00:15:12 GMT","","","","","1.1","","","","","","https://anhart.ca/_next/static/chunks/e311f20fb6a4d71f.js","2025-12-02 11:34:55"
"https://anhart.ca/_next/static/chunks/19cf983374b2db16.js","application/javascript; charset=utf-8","200","OK","Indexable","","","0","0","","0","0","","0","","0","","0","","0","","","","","","","","","","","0","0","0","0.000","","0","","","","","0.000","1","3","","0","0","0","0.000","0","0","0","0","0","0","","","","","","0.239","Tue, 02 Dec 2025 00:15:11 GMT","","","","","1.1","","","","","","https://anhart.ca/_next/static/chunks/19cf983374b2db16.js","2025-12-02 11:34:56"
"https://anhart.ca/_next/static/media/TheRyder-320x170.abf6e86b.webp","image/webp","200","OK","Indexable","","","0","0","","0","0","","0","","0","","0","","0","","","","","","","","","","","11362","11362","11362","4.353","","0","","","","","0.000","1","3","","0","0","0","0.000","0","0","0","0","0","0","","","","","","0.294","Tue, 02 Dec 2025 19:34:55 GMT","","","","","1.1","","","","","","https://anhart.ca/_next/static/media/TheRyder-320x170.abf6e86b.webp","2025-12-02 11:34:56"
"https://anhart.ca/_next/static/chunks/563a64a66febd6ae.js","application/javascript; charset=utf-8","200","OK","Indexable","","","0","0","","0","0","","0","","0","","0","","0","","","","","","","","","","","0","0","0","0.000","","0","","","","","0.000","1","3","","0","0","0","0.000","0","0","0","0","0","0","","","","","","0.232","Tue, 02 Dec 2025 14:36:02 GMT","","","","","1.1","","","","","","https://anhart.ca/_next/static/chunks/563a64a66febd6ae.js","2025-12-02 11:34:56"
"https://anhart.ca/about","text/html; charset=utf-8","200","OK","Non-Indexable","Canonicalised","About Anhart | Anhart","21","193","Learn about Anhart's mission, values, and team dedicated to creating sustainable affordable housing solutions in British Columbia.","130","806","","0","Our Story","9","Our Journey","11","Our Values","10","","","","","https://anhart.ca/","","","","","","73129","12129","12129","4.646","","416","92","4.522","38.740","Hard","6.135","1","0","","28","14","0","100.000","16","8","0","13","5","0","","","","","c78bfa298f4061a445085c266570201","0.271","","","","","en-CA","1.1","","","","","","https://anhart.ca/about","2025-12-02 11:34:56"
"https://anhart.ca/_next/static/chunks/a6dad97d9634a72d.js","application/javascript; charset=utf-8","200","OK","Indexable","","","0","0","","0","0","","0","","0","","0","","0","","","","","","","","","","","0","0","0","0.000","","0","","","","","0.000","1","3","","0","0","0","0.000","0","0","0","0","0","0","","","","","","0.147","Tue, 02 Dec 2025 19:34:55 GMT","","","","","1.1","","","","","","https://anhart.ca/_next/static/chunks/a6dad97d9634a72d.js","2025-12-02 11:34:56"
"https://anhart.ca/_next/static/chunks/aa5c899632ac7697.js","application/javascript; charset=utf-8","200","OK","Indexable","","","0","0","","0","0","","0","","0","","0","","0","","","","","","","","","","","0","0","0","0.000","","0","","","","","0.000","1","3","","0","0","0","0.000","0","0","0","0","0","0","","","","","","0.235","Tue, 02 Dec 2025 14:36:02 GMT","","","","","1.1","","","","","","https://anhart.ca/_next/static/chunks/aa5c899632ac7697.js","2025-12-02 11:34:56"
"https://anhart.ca/_next/static/chunks/eb99e07a2d762da6.js","application/javascript; charset=utf-8","200","OK","Indexable","","","0","0","","0","0","","0","","0","","0","","0","","","","","","","","","","","0","0","0","0.000","","0","","","","","0.000","1","3","","0","0","0","0.000","0","0","0","0","0","0","","","","","","0.225","Tue, 02 Dec 2025 00:15:11 GMT","","","","","1.1","","","","","","https://anhart.ca/_next/static/chunks/eb99e07a2d762da6.js","2025-12-02 11:34:56"
"https://anhart.ca/_next/static/media/ModularH_1.c78d16f0.png","image/png","200","OK","Indexable","","","0","0","","0","0","","0","","0","","0","","0","","","","","","","","","","","495301","495301","495301","189.740","","0","","","","","0.000","1","3","","0","0","0","0.000","0","0","0","0","0","0","","","","","","0.452","Tue, 02 Dec 2025 19:34:55 GMT","","","","","1.1","","","","","","https://anhart.ca/_next/static/media/ModularH_1.c78d16f0.png","2025-12-02 11:34:56"
"https://anhart.ca/_next/static/chunks/69b45e78e6dc1eb0.js","application/javascript; charset=utf-8","200","OK","Indexable","","","0","0","","0","0","","0","","0","","0","","0","","","","","","","","","","","0","0","0","0.000","","0","","","","","0.000","1","3","","0","0","0","0.000","0","0","0","0","0","0","","","","","","0.228","Tue, 02 Dec 2025 14:36:03 GMT","","","","","1.1","","","","","","https://anhart.ca/_next/static/chunks/69b45e78e6dc1eb0.js","2025-12-02 11:34:56"
"https://anhart.ca/_next/static/chunks/3215ea2591fc6744.js","application/javascript; charset=utf-8","200","OK","Indexable","","","0","0","","0","0","","0","","0","","0","","0","","","","","","","","","","","0","0","0","0.000","","0","","","","","0.000","1","3","","0","0","0","0.000","0","0","0","0","0","0","","","","","","0.234","Tue, 02 Dec 2025 19:10:51 GMT","","","","","1.1","","","","","","https://anhart.ca/_next/static/chunks/3215ea2591fc6744.js","2025-12-02 11:34:56"
"https://anhart.ca/_next/static/media/AFS_1.6a390bcf.png","image/png","200","OK","Indexable","","","0","0","","0","0","","0","","0","","0","","0","","","","","","","","","","","1443277","1443277","1443277","552.892","","0","","","","","0.000","1","3","","0","0","0","0.000","0","0","0","0","0","0","","","","","","0.409","Tue, 02 Dec 2025 19:34:55 GMT","","","","","1.1","","","","","","https://anhart.ca/_next/static/media/AFS_1.6a390bcf.png","2025-12-02 11:34:56"
"https://anhart.ca/_next/static/media/162Main.4d73c4ac.png","image/png","200","OK","Indexable","","","0","0","","0","0","","0","","0","","0","","0","","","","","","","","","","","1477403","1477403","1477403","565.965","","0","","","","","0.000","1","3","","0","0","0","0.000","0","0","0","0","0","0","","","","","","0.350","Tue, 02 Dec 2025 19:34:55 GMT","","","","","1.1","","","","","","https://anhart.ca/_next/static/media/162Main.4d73c4ac.png","2025-12-02 11:34:56"
"https://anhart.ca/_next/static/media/thinkingStatueLaptop-320x180.7e7e81a9.webp","image/webp","200","OK","Indexable","","","0","0","","0","0","","0","","0","","0","","0","","","","","","","","","","","7476","7476","7476","2.864","","0","","","","","0.000","1","3","","0","0","0","0.000","0","0","0","0","0","0","","","","","","0.310","Tue, 02 Dec 2025 19:34:55 GMT","","","","","1.1","","","","","","https://anhart.ca/_next/static/media/thinkingStatueLaptop-320x180.7e7e81a9.webp","2025-12-02 11:34:56"
"https://anhart.ca/_next/static/chunks/turbopack-1d9162a6fc1bd536.js","application/javascript; charset=utf-8","200","OK","Indexable","","","0","0","","0","0","","0","","0","","0","","0","","","","","","","","","","","0","0","0","0.000","","0","","","","","0.000","1","3","","0","0","0","0.000","0","0","0","0","0","0","","","","","","0.243","Tue, 02 Dec 2025 14:36:02 GMT","","","","","1.1","","","","","","https://anhart.ca/_next/static/chunks/turbopack-1d9162a6fc1bd536.js","2025-12-02 11:34:56"
"https://anhart.ca/_next/static/media/our-vision.aeebdb38.jpg","image/jpeg","200","OK","Indexable","","","0","0","","0","0","","0","","0","","0","","0","","","","","","","","","","","119803","119803","119803","45.894","","0","","","","","0.000","2","3","","0","0","0","0.000","0","0","0","0","0","0","","","","","","0.375","Tue, 02 Dec 2025 19:34:55 GMT","","","","","1.1","","","","","","https://anhart.ca/_next/static/media/our-vision.aeebdb38.jpg","2025-12-02 11:34:56"
"https://anhart.ca/_next/static/media/OurVision.89100ac0.jpeg","image/jpeg","200","OK","Indexable","","","0","0","","0","0","","0","","0","","0","","0","","","","","","","","","","","199403","199403","199403","76.388","","0","","","","","0.000","2","3","","0","0","0","0.000","0","0","0","0","0","0","","","","","","0.398","Tue, 02 Dec 2025 19:34:56 GMT","","","","","1.1","","","","","","https://anhart.ca/_next/static/media/OurVision.89100ac0.jpeg","2025-12-02 11:34:56"
"https://anhart.ca/_next/static/chunks/ad1feb7648e334f6.js","application/javascript; charset=utf-8","200","OK","Indexable","","","0","0","","0","0","","0","","0","","0","","0","","","","","","","","","","","0","0","0","0.000","","0","","","","","0.000","2","3","","0","0","0","0.000","0","0","0","0","0","0","","","","","","0.241","Tue, 02 Dec 2025 19:34:27 GMT","","","","","1.1","","","","","","https://anhart.ca/_next/static/chunks/ad1feb7648e334f6.js","2025-12-02 11:34:57"
"https://anhart.ca/_next/static/chunks/d6d683bd4e282893.js","application/javascript; charset=utf-8","200","OK","Indexable","","","0","0","","0","0","","0","","0","","0","","0","","","","","","","","","","","0","0","0","0.000","","0","","","","","0.000","2","3","","0","0","0","0.000","0","0","0","0","0","0","","","","","","0.361","Tue, 02 Dec 2025 19:34:56 GMT","","","","","1.1","","","","","","https://anhart.ca/_next/static/chunks/d6d683bd4e282893.js","2025-12-02 11:34:57"
"https://anhart.ca/_next/static/media/about-hero-640x360.03b39812.webp","image/webp","200","OK","Indexable","","","0","0","","0","0","","0","","0","","0","","0","","","","","","","","","","","25638","25638","25638","9.821","","0","","","","","0.000","2","3","","0","0","0","0.000","0","0","0","0","0","0","","","","","","0.358","Tue, 02 Dec 2025 19:34:56 GMT","","","","","1.1","","","","","","https://anhart.ca/_next/static/media/about-hero-640x360.03b39812.webp","2025-12-02 11:34:57"
"https://anhart.ca/_next/static/chunks/7602dba181c95e2f.js","application/javascript; charset=utf-8","200","OK","Indexable","","","0","0","","0","0","","0","","0","","0","","0","","","","","","","","","","","0","0","0","0.000","","0","","","","","0.000","2","3","","0","0","0","0.000","0","0","0","0","0","0","","","","","","0.236","Tue, 02 Dec 2025 19:34:27 GMT","","","","","1.1","","","","","","https://anhart.ca/_next/static/chunks/7602dba181c95e2f.js","2025-12-02 11:34:57"
"https://anhart.ca/_next/static/media/blog-hero-1280x720.62a23d42.webp","image/webp","200","OK","Indexable","","","0","0","","0","0","","0","","0","","0","","0","","","","","","","","","","","70363","70363","70363","26.955","","0","","","","","0.000","2","3","","0","0","0","0.000","0","0","0","0","0","0","","","","","","0.230","Tue, 02 Dec 2025 19:34:27 GMT","","","","","1.1","","","","","","https://anhart.ca/_next/static/media/blog-hero-1280x720.62a23d42.webp","2025-12-02 11:34:57"
"https://anhart.ca/_next/static/chunks/72e0c9717259fdda.js","application/javascript; charset=utf-8","200","OK","Indexable","","","0","0","","0","0","","0","","0","","0","","0","","","","","","","","","","","0","0","0","0.000","","0","","","","","0.000","2","3","","0","0","0","0.000","0","0","0","0","0","0","","","","","","0.337","Tue, 02 Dec 2025 19:34:56 GMT","","","","","1.1","","","","","","https://anhart.ca/_next/static/chunks/72e0c9717259fdda.js","2025-12-02 11:34:57"
"https://anhart.ca/_next/static/chunks/d74c8c52b7a1123f.js","application/javascript; charset=utf-8","200","OK","Indexable","","","0","0","","0","0","","0","","0","","0","","0","","","","","","","","","","","0","0","0","0.000","","0","","","","","0.000","2","3","","0","0","0","0.000","0","0","0","0","0","0","","","","","","0.311","Tue, 02 Dec 2025 19:34:56 GMT","","","","","1.1","","","","","","https://anhart.ca/_next/static/chunks/d74c8c52b7a1123f.js","2025-12-02 11:34:57"
"https://anhart.ca/_next/static/chunks/e8e7c151f3ae3824.js","application/javascript; charset=utf-8","200","OK","Indexable","","","0","0","","0","0","","0","","0","","0","","0","","","","","","","","","","","0","0","0","0.000","","0","","","","","0.000","2","3","","0","0","0","0.000","0","0","0","0","0","0","","","","","","0.231","Tue, 02 Dec 2025 19:33:18 GMT","","","","","1.1","","","","","","https://anhart.ca/_next/static/chunks/e8e7c151f3ae3824.js","2025-12-02 11:34:57"
"https://anhart.ca/_next/static/chunks/cd9d4e2dafd44b94.js","application/javascript; charset=utf-8","200","OK","Indexable","","","0","0","","0","0","","0","","0","","0","","0","","","","","","","","","","","0","0","0","0.000","","0","","","","","0.000","2","3","","0","0","0","0.000","0","0","0","0","0","0","","","","","","0.266","Tue, 02 Dec 2025 19:33:18 GMT","","","","","1.1","","","","","","https://anhart.ca/_next/static/chunks/cd9d4e2dafd44b94.js","2025-12-02 11:34:57"
"https://anhart.ca/_next/static/media/media-hero-640x360.a7676457.webp","image/webp","200","OK","Indexable","","","0","0","","0","0","","0","","0","","0","","0","","","","","","","","","","","24610","24610","24610","9.428","","0","","","","","0.000","2","3","","0","0","0","0.000","0","0","0","0","0","0","","","","","","0.298","Tue, 02 Dec 2025 19:34:56 GMT","","","","","1.1","","","","","","https://anhart.ca/_next/static/media/media-hero-640x360.a7676457.webp","2025-12-02 11:34:57"
"https://anhart.ca/_next/static/chunks/ae174107eddb15b7.js","application/javascript; charset=utf-8","200","OK","Indexable","","","0","0","","0","0","","0","","0","","0","","0","","","","","","","","","","","0","0","0","0.000","","0","","","","","0.000","2","3","","0","0","0","0.000","0","0","0","0","0","0","","","","","","0.298","Tue, 02 Dec 2025 19:34:56 GMT","","","","","1.1","","","","","","https://anhart.ca/_next/static/chunks/ae174107eddb15b7.js","2025-12-02 11:34:57"
"https://anhart.ca/_next/static/media/portfolio-hero-640x360.afb1c9a6.webp","image/webp","200","OK","Indexable","","","0","0","","0","0","","0","","0","","0","","0","","","","","","","","","","","47372","47372","47372","18.147","","0","","","","","0.000","2","3","","0","0","0","0.000","0","0","0","0","0","0","","","","","","0.382","Tue, 02 Dec 2025 19:34:57 GMT","","","","","1.1","","","","","","https://anhart.ca/_next/static/media/portfolio-hero-640x360.afb1c9a6.webp","2025-12-02 11:34:57"
"https://anhart.ca/_next/static/chunks/b12d27ea18976acb.js","application/javascript; charset=utf-8","200","OK","Indexable","","","0","0","","0","0","","0","","0","","0","","0","","","","","","","","","","","0","0","0","0.000","","0","","","","","0.000","2","3","","0","0","0","0.000","0","0","0","0","0","0","","","","","","0.231","Tue, 02 Dec 2025 00:15:12 GMT","","","","","1.1","","","","","","https://anhart.ca/_next/static/chunks/b12d27ea18976acb.js","2025-12-02 11:34:58"
"https://anhart.ca/projects/metson-rooms","text/html; charset=utf-8","200","OK","Indexable","","Metson Rooms - Affordable Housing Project | Anhart | Anhart","59","541","Metson Rooms is a landmark affordable housing project in Vancouver, BC, transforming a former hotel into 100 units of safe, supportive accommodation. Located at 1060 Howe Street, this project demonstrates the speed and efficiency of hotel conversions to address the urgent housing crisis. By repurposing existing infrastructure, we successfully created immediate housing solutions for vulnerable inner-city residents, preserving a vital community asset in the heart of downtown.

## Operations & Management

While this facility was developed as part of our housing portfolio, the day-to-day operations and tenant support services are managed by our partners at Community Builders.

Community Builders provides 24/7 staffing, meal programs, and the ""Whole Life"" housing program to support resident wellness.

Looking for Housing? For vacancy inquiries, application details, and shelter availability, please visit the official [Metson Rooms & Metson Shelter](https://www.communitybuilders.ca/our-sites/metson-rooms) page managed by Community Builders.","1049","6541","Metson Rooms, affordable housing, housing project, Vancouver, BC, Hotel Conversion, Anhart","90","Metson Rooms","12","Project Overview","16","","0","index, follow","index, follow, max-video-preview:-1, max-image-preview:large, max-snippet:-1","","","https://anhart.ca/projects/metson-rooms","","","","","","78923","13900","13900","5.325","","270","52","5.192","46.151","Hard","4.361","2","1","","1","1","0","7.140","20","8","0","14","6","0","","","","","afecf3a2c24e4d9c43449bbe845b7e12","0.501","","","","","en-CA","1.1","","","","","","https://anhart.ca/projects/metson-rooms","2025-12-02 11:34:57"
"https://anhart.ca/projects/skeena-house","text/html; charset=utf-8","200","OK","Indexable","","Skeena House | Indigenous-Led Supportive Housing Vancouver | Anhart","67","633","Skeena House is a vital supportive housing site located at 3475 East Hastings Street in the Hastings-Sunrise neighbourhood. Originally a commercial hotel, the property was acquired and rapidly converted into housing to provide an immediate response to the city's homelessness crisis.

Developed in partnership with the Vancouver Aboriginal Friendship Centre Society (VAFCS), this project prioritizes housing for Indigenous individuals, offering a culturally safe environment that fosters community connection and stability.

## Operations & Management

Skeena House is operated by the Vancouver Aboriginal Friendship Centre Society (VAFCS).

The society provides 24/7 on-site support, including access to cultural programming, health resources, and meals, ensuring residents receive holistic care rooted in Indigenous values.

Housing Inquiries: For information on eligibility and vacancy at Skeena House, please contact the [VAFCS Housing & Shelter Department](https://www.vafcs.org/) directly.","995","6128","Skeena House, affordable housing, housing project, Vancouver, BC, Supportive Housing, Anhart","92","Skeena House","12","Project Overview","16","","0","index, follow","index, follow, max-video-preview:-1, max-image-preview:large, max-snippet:-1","","","https://anhart.ca/projects/skeena-house","","","","","","78285","13651","13651","5.229","","266","52","5.115","34.351","Hard","4.482","2","1","","1","1","0","7.140","20","8","0","14","6","0","","","","","93b70a9063ef49a8903dd6c11a9887a6","0.483","","","","","en-CA","1.1","","","","","","https://anhart.ca/projects/skeena-house","2025-12-02 11:34:58"
"https://anhart.ca/projects/the-ryder","text/html; charset=utf-8","200","OK","Indexable","","The Ryder Hope BC | Modular Affordable Housing Development | Anhart | Anhart","76","710","The Ryder (1270 Ryder Street) stands as a landmark affordable housing development in the District of Hope, BC. As the first purpose-built rental building constructed in the community in over three decades, it addressed a critical 0% vacancy rate upon its opening in March 2020.

This 3-storey, 40-unit modular building showcases the speed and quality of offsite construction, moving from groundbreaking to occupancy in just 8 months. Originally developed by Anhart, the property was acquired by the Province of BC in 2023, ensuring these homes remain permanently affordable for seniors, families, and workers in the Fraser Valley.

## Operations & Management

Following its successful development and stabilization, ownership and operations of The Ryder were transferred to the Fraser-East Affordable Housing Society to secure its long-term status as community housing.

Tenant Inquiries & Applications: For current vacancy information or to apply for housing at The Ryder, please visit the official [Fraser-East Housing Application](https://frasereast.org/fraser-east-housing-application/) page or contact them directly at info@frasereast.org.","1144","7049","The Ryder, affordable housing, housing project, 1270 Ryder, Hope, BC, Modular Housing, Anhart","93","The Ryder","9","Project Overview","16","","0","index, follow","index, follow, max-video-preview:-1, max-image-preview:large, max-snippet:-1","","","https://anhart.ca/projects/the-ryder","","","","","","79674","14022","14022","5.372","","303","53","5.717","48.864","Hard","4.555","2","1","","1","1","0","7.140","20","8","0","14","6","0","","","","","d54caf5401322212118ecc2be1f0f68","0.491","","","","","en-CA","1.1","","","","","","https://anhart.ca/projects/the-ryder","2025-12-02 11:34:58"
"https://anhart.ca/projects/dodson-hotel","text/html; charset=utf-8","200","OK","Indexable","","Dodson Hotel | Historic Supportive Housing & SRO Renewal Vancouver | Anhart","75","699","The Dodson Hotel (25 East Hastings) represents a significant heritage restoration and SRO (Single Room Occupancy) renewal project in the heart of Vancouver's Downtown Eastside. Originally built in 1910, this historic building was extensively renovated in 2004 to improve livability while preserving its architectural character.

The project successfully converted a neglected hotel into 71 units of safe, supportive housing, providing a stable foundation for low-income residents and individuals transitioning out of homelessness.

## Operations & Management

The Dodson Hotel is operated by our non-profit partners at [Community Builders](https://www.communitybuilders.ca/our-sites/dodson-rooms), who ensure residents receive more than just a roof over their heads.

Through their ""Whole Life"" housing program, staff provide 24/7 support, meal programs, and connection to health resources.

Looking for Housing? For vacancy inquiries and application information for the Dodson Rooms, please contact the site manager directly via the Community Builders Dodson Rooms page.","1071","6649","Dodson Hotel, affordable housing, housing project, 25 East Hastings, Vancouver, BC, Hotel Conversion, Anhart","108","Dodson Hotel","12","Project Overview","16","","0","index, follow","index, follow, max-video-preview:-1, max-image-preview:large, max-snippet:-1","","","https://anhart.ca/projects/dodson-hotel","","","","","","79329","13878","13878","5.316","","274","50","5.480","40.718","Hard","4.389","2","1","","1","1","0","7.140","20","8","0","14","6","0","","","","","358a3cca029daafae678fd37b918be85","0.351","","","","","en-CA","1.1","","","","","","https://anhart.ca/projects/dodson-hotel","2025-12-02 11:34:58"
"https://anhart.ca/_next/static/media/skeena-320x235.085349d5.webp","image/webp","200","OK","Indexable","","","0","0","","0","0","","0","","0","","0","","0","","","","","","","","","","","16130","16130","16130","6.179","","0","","","","","0.000","2","3","","0","0","0","0.000","0","0","0","0","0","0","","","","","","0.137","Tue, 02 Dec 2025 19:34:57 GMT","","","","","1.1","","","","","","https://anhart.ca/_next/static/media/skeena-320x235.085349d5.webp","2025-12-02 11:34:58"
"https://anhart.ca/_next/static/media/Jubilee-Sign-320x180.c46eafeb.webp","image/webp","200","OK","Indexable","","","0","0","","0","0","","0","","0","","0","","0","","","","","","","","","","","21078","21078","21078","8.075","","0","","","","","0.000","2","3","","0","0","0","0.000","0","0","0","0","0","0","","","","","","0.154","Tue, 02 Dec 2025 19:34:57 GMT","","","","","1.1","","","","","","https://anhart.ca/_next/static/media/Jubilee-Sign-320x180.c46eafeb.webp","2025-12-02 11:34:58"
"https://anhart.ca/_next/static/media/1060howe.97bf1c56.jpg","image/jpeg","200","OK","Indexable","","","0","0","","0","0","","0","","0","","0","","0","","","","","","","","","","","71816","71816","71816","27.511","","0","","","","","0.000","2","3","","0","0","0","0.000","0","0","0","0","0","0","","","","","","0.221","Tue, 02 Dec 2025 19:34:57 GMT","","","","","1.1","","","","","","https://anhart.ca/_next/static/media/1060howe.97bf1c56.jpg","2025-12-02 11:34:58"
"https://anhart.ca/projects/jubilee-rooms","text/html; charset=utf-8","200","OK","Indexable","","Jubilee Rooms | Historic SRO Renovation & Affordable Housing Vancouver | Anhart","79","733","The Jubilee Rooms (235 Main St) serves as the foundational cornerstone of Anhart's history. Completed in 2000, this project involved the acquisition and extensive renovation of a derelict historic hotel on the corner of Main and Powell.

At a time when few developers were investing in the Downtown Eastside, this project proved our core thesis: that private capital could be effectively mobilized to solve public housing crises. By transforming a neglected property into 80 units of safe, affordable housing, the Jubilee Rooms set the standard for SRO (Single Room Occupancy) revitalization in Vancouver.

## Operations & Management

While developed and originally managed by Anhart, the Jubilee Rooms is now part of the provincial supportive housing portfolio to ensure its affordability in perpetuity.

The building is currently operated by [RainCity Housing](https://www.raincityhousing.org/programs/jubilee-rooms/), providing residents with 24/7 support services and meal programs.

Tenant Inquiries: For all inquiries regarding housing applications or tenant support at this location, please visit the RainCity Housing Jubilee Rooms page.","1144","6991","Jubilee Rooms, affordable housing, housing project, 235 Main, Vancouver, BC, Historic Renovation, Anhart","104","Jubilee Rooms","13","Project Overview","16","","0","index, follow","index, follow, max-video-preview:-1, max-image-preview:large, max-snippet:-1","","","https://anhart.ca/projects/jubilee-rooms","","","","","","79917","13971","13971","5.352","","289","55","5.255","48.987","Hard","4.428","2","1","","1","1","0","7.140","20","8","0","14","6","0","","","","","4c6da80f1e0261c9566acb623a4e9545","0.696","","","","","en-CA","1.1","","","","","","https://anhart.ca/projects/jubilee-rooms","2025-12-02 11:34:58"
"https://anhart.ca/_next/static/chunks/3b72d04344bfaba9.js","application/javascript; charset=utf-8","200","OK","Indexable","","","0","0","","0","0","","0","","0","","0","","0","","","","","","","","","","","0","0","0","0.000","","0","","","","","0.000","2","3","","0","0","0","0.000","0","0","0","0","0","0","","","","","","0.290","Tue, 02 Dec 2025 19:34:57 GMT","","","","","1.1","","","","","","https://anhart.ca/_next/static/chunks/3b72d04344bfaba9.js","2025-12-02 11:34:58"
"https://anhart.ca/_next/static/chunks/6e82c53c9f3634fd.js","application/javascript; charset=utf-8","200","OK","Indexable","","","0","0","","0","0","","0","","0","","0","","0","","","","","","","","","","","0","0","0","0.000","","0","","","","","0.000","2","3","","0","0","0","0.000","0","0","0","0","0","0","","","","","","0.080","Tue, 02 Dec 2025 00:15:11 GMT","","","","","1.1","","","","","","https://anhart.ca/_next/static/chunks/6e82c53c9f3634fd.js","2025-12-02 11:34:59"
"https://anhart.ca/projects/162-main-st","text/html; charset=utf-8","200","OK","Indexable","","162 Main St | Affordable Micro-Suites & Supportive Housing Vancouver | Anhart","77","703","162 Main St is a pioneering mixed-income housing development located in Vancouver's Downtown Eastside (DTES). This 6-storey building features 69 self-contained micro-suites, designed to provide dignity and independence for residents ranging from seniors and newcomers to individuals transitioning from shelters.

Innovative in its design, the building utilizes a hybrid structure of light wood frame over a concrete podium. The units were uniquely engineered with flexibility in mind, allowing for potential consolidation into larger family units in the future. This project serves as a model for how affordable rental housing can be delivered on narrow, urban infill sites.

## Operations & Management

While Anhart led the development vision for this project, the building's day-to-day operations and supportive services are managed by the [MPA Society](https://mpa-society.org/supported-housing/).

The MPA Society provides residents with integrated mental health support, advocacy, and community building programs.

Tenant Inquiries: For information regarding vacancies, eligibility, or supportive housing applications, please contact the MPA Society Housing Department.","1174","7196","162 Main St, affordable housing, housing project, Vancouver, BC, Micro-Suites, Anhart","85","162 Main St","11","Project Overview","16","","0","index, follow","index, follow, max-video-preview:-1, max-image-preview:large, max-snippet:-1","","","https://anhart.ca/projects/162-main-st","","","","","","79895","13802","13802","5.287","","276","54","5.111","41.643","Hard","4.377","2","1","","1","1","0","7.140","20","8","0","14","6","0","","","","","a2f7146b5dbdd1573be9f00c4c79d7e1","0.399","","","","","en-CA","1.1","","","","","","https://anhart.ca/projects/162-main-st","2025-12-02 11:34:58"
"https://anhart.ca/_next/static/media/Ryder_1.43251c7f.png","image/png","200","OK","Indexable","","","0","0","","0","0","","0","","0","","0","","0","","","","","","","","","","","1892870","1892870","1892870","725.123","","0","","","","","0.000","2","3","","0","0","0","0.000","0","0","0","0","0","0","","","","","","0.406","Tue, 02 Dec 2025 19:34:57 GMT","","","","","1.1","","","","","","https://anhart.ca/_next/static/media/Ryder_1.43251c7f.png","2025-12-02 11:34:58"
"https://anhart.ca/images/anhart-partnership-model-icons-only.webp","image/webp","200","OK","Indexable","","","0","0","","0","0","","0","","0","","0","","0","","","","","","","","","","","21542","21542","21542","8.252","","0","","","","","0.000","2","1","","0","0","0","0.000","0","0","0","0","0","0","","","","","","0.392","Tue, 02 Dec 2025 19:34:58 GMT","","","","","1.1","","","","","","https://anhart.ca/images/anhart-partnership-model-icons-only.webp","2025-12-02 11:34:58"
"https://anhart.ca/_next/static/chunks/16de57176a709e94.js","application/javascript; charset=utf-8","200","OK","Indexable","","","0","0","","0","0","","0","","0","","0","","0","","","","","","","","","","","0","0","0","0.000","","0","","","","","0.000","3","3","","0","0","0","0.000","0","0","0","0","0","0","","","","","","0.304","Tue, 02 Dec 2025 19:34:58 GMT","","","","","1.1","","","","","","https://anhart.ca/_next/static/chunks/16de57176a709e94.js","2025-12-02 11:34:59"
